_id,firstName,lastName,email,phoneNumber,address,company,title
1,FirstName182228,LastName979075,user218185@example.com,555-3211,"5312 Main St, City670, Country",Company6,Developer
2,FirstName857586,LastName104516,user252672@example.com,555-4471,"2601 Main St, City219, Country",Company0,Engineer
3,FirstName919745,LastName472488,user313253@example.com,555-7455,"3187 Main St, City778, Country",Company5,Analyst
4,FirstName954539,LastName302103,user912198@example.com,555-5823,"4650 Main St, City764, Country",Company2,Manager
5,FirstName926907,LastName45825,user924052@example.com,555-0732,"6843 Main St, City626, Country",Company3,Engineer
6,FirstName498645,LastName275514,user748262@example.com,555-8667,"4666 Main St, City520, Country",Company4,Analyst
7,FirstName106825,LastName966983,user790747@example.com,555-6466,"3821 Main St, City332, Country",Company0,Analyst
8,FirstName196452,LastName251994,user255930@example.com,555-0361,"6306 Main St, City250, Country",Company4,Engineer
9,FirstName998732,LastName360851,user489844@example.com,555-2244,"9108 Main St, City979, Country",Company6,Developer
10,FirstName380144,LastName289967,user230839@example.com,555-3418,"9318 Main St, City386, Country",Company9,Engineer
11,FirstName459986,LastName619033,user743389@example.com,555-2083,"7329 Main St, City633, Country",Company4,Engineer
12,FirstName549089,LastName796633,user983532@example.com,555-6648,"9100 Main St, City592, Country",Company0,Manager
13,FirstName826077,LastName926581,user567114@example.com,555-9545,"1347 Main St, City886, Country",Company1,Developer
14,FirstName536048,LastName859384,user502639@example.com,555-9199,"2933 Main St, City121, Country",Company4,Developer
15,FirstName20184,LastName827897,user955400@example.com,555-8194,"2504 Main St, City542, Country",Company6,Manager
16,FirstName192361,LastName451331,user554967@example.com,555-9938,"7955 Main St, City878, Country",Company7,Engineer
17,FirstName199436,LastName795227,user994540@example.com,555-3657,"919 Main St, City197, Country",Company3,Engineer
18,FirstName132559,LastName774910,user793789@example.com,555-9462,"2457 Main St, City483, Country",Company7,Manager
19,FirstName850709,LastName93770,user902805@example.com,555-4015,"2802 Main St, City860, Country",Company8,Engineer
20,FirstName393713,LastName266246,user958710@example.com,555-5950,"3127 Main St, City102, Country",Company9,Teacher
21,FirstName879680,LastName696131,user83252@example.com,555-1511,"6197 Main St, City472, Country",Company8,Engineer
22,FirstName470295,LastName476036,user304323@example.com,555-4138,"396 Main St, City635, Country",Company6,Manager
23,FirstName202055,LastName986123,user442138@example.com,555-8533,"5603 Main St, City450, Country",Company2,Teacher
24,FirstName632567,LastName449575,user925372@example.com,555-4779,"2102 Main St, City213, Country",Company4,Manager
25,FirstName831944,LastName309813,user486136@example.com,555-0862,"8040 Main St, City449, Country",Company9,Analyst
26,FirstName65852,LastName386758,user316269@example.com,555-8659,"4159 Main St, City203, Country",Company5,Engineer
27,FirstName115792,LastName827793,user298791@example.com,555-1741,"3149 Main St, City692, Country",Company9,Developer
28,FirstName659998,LastName910550,user111616@example.com,555-7703,"640 Main St, City584, Country",Company5,Engineer
29,FirstName628703,LastName314037,user92517@example.com,555-8998,"99 Main St, City427, Country",Company9,Teacher
30,FirstName102974,LastName786584,user392835@example.com,555-5938,"374 Main St, City734, Country",Company0,Engineer
31,FirstName856501,LastName868874,user463190@example.com,555-5191,"4440 Main St, City284, Country",Company1,Engineer
32,FirstName976824,LastName220285,user602459@example.com,555-7641,"8867 Main St, City669, Country",Company3,Engineer
33,FirstName300975,LastName332722,user157799@example.com,555-1835,"2674 Main St, City744, Country",Company7,Analyst
34,FirstName646832,LastName718351,user574810@example.com,555-4032,"6308 Main St, City258, Country",Company4,Engineer
35,FirstName190832,LastName688202,user755061@example.com,555-4101,"6413 Main St, City728, Country",Company2,Developer
36,FirstName457894,LastName531562,user363850@example.com,555-4437,"1320 Main St, City807, Country",Company8,Manager
37,FirstName23600,LastName718926,user794274@example.com,555-1689,"1940 Main St, City785, Country",Company6,Engineer
38,FirstName379039,LastName742668,user662998@example.com,555-8221,"373 Main St, City715, Country",Company8,Developer
39,FirstName762613,LastName517571,user812672@example.com,555-4592,"9006 Main St, City640, Country",Company1,Manager
40,FirstName852108,LastName259737,user856477@example.com,555-1486,"3917 Main St, City577, Country",Company0,Developer
41,FirstName378622,LastName300909,user640214@example.com,555-5257,"9836 Main St, City194, Country",Company0,Engineer
42,FirstName417415,LastName754749,user477372@example.com,555-1113,"3908 Main St, City620, Country",Company6,Engineer
43,FirstName475557,LastName711529,user367513@example.com,555-8053,"9217 Main St, City996, Country",Company1,Developer
44,FirstName49648,LastName695519,user23666@example.com,555-6362,"1118 Main St, City509, Country",Company5,Developer
45,FirstName34648,LastName663409,user745308@example.com,555-4001,"1782 Main St, City879, Country",Company6,Manager
46,FirstName829840,LastName379962,user698090@example.com,555-0934,"3066 Main St, City700, Country",Company1,Engineer
47,FirstName613103,LastName95127,user645750@example.com,555-2447,"5187 Main St, City886, Country",Company2,Analyst
48,FirstName531623,LastName36567,user253520@example.com,555-6954,"6454 Main St, City938, Country",Company4,Engineer
49,FirstName69453,LastName815380,user364503@example.com,555-1450,"4940 Main St, City42, Country",Company9,Developer
50,FirstName821982,LastName850102,user882661@example.com,555-6978,"641 Main St, City338, Country",Company8,Engineer
